Visium Slide ID,General Categorization,Mucosa,Submucosa,Muscularis Propria,Disease Label,Patient_ID,Shorthand_ID,Spots,Mean nGene,Mean nUMI,sample
V11Y24-010_C,Normal,x,x,x,Adjacent,106392,106392.A,2836,2294.00528913963,5955.4562764457,V11Y24-010_C
V11Y24-010_D,Normal,x,x,x,Fibrotic,106392,106392.F,3349,2211.42788892207,6230.32696327262,V11Y24-010_D
V10S15-054_B,Normal,x,x,x,Adjacent,110201,110201.A,2472,1953.33009708738,5113.44053398058,V10S15-054_B
V10S15-054_A,"Chronic changes, early stricture",x,x,x,Fibrotic,110201,110201.F,4019,2262.89325702911,7914.71137098781,V10S15-054_A
V11Y24-010_B,Normal,x,x,x,Adjacent,110748,110748.A,2541,3017.73593073593,8451.85911058638,V11Y24-010_B
V11Y24-010_A,Inflammatory,x,x,x,Fibrotic,110748,110748.F,3315,1938.72850678733,5499.33363499246,V11Y24-010_A
V10S15-054_C,Normal,x,x,x,Adjacent,112584,112584.A,2633,2071.12191416635,5134.95328522598,V10S15-054_C
V10S15-054_D,Normal vs inflammatory,,x,x,Fibrotic,112584,112584.F,3717,1938.22383642723,5335.31719128329,V10S15-054_D
V10A14-143_A,Normal,x,x,x,Adjacent,117351,117351.A,2958,3465.05206220419,11283.7670723462,V10A14-143_A
V10A14-143_B,"Ulcer, inflammatory",x,x,x,Fibrotic,117351,117351.F1,2647,2715.41103135625,8166.06649036645,V10A14-143_B
V10A14-143_C,Inflammatory,,x,x,Fibrotic,117351,117351.F2,1670,3516.37125748503,13499.4844311377,V10A14-143_C
V10A14-143_D,"Ulcer, inflammatory",x,x,x,Fibrotic,117351,117351.FI,4037,3445.08892742135,14356.6405746842,V10A14-143_D
V11Y24-011_C,"Ulcer, inflammatory",x,x,,Adjacent,120359,120359.A,2580,1389.67209302326,3908.65658914729,V11Y24-011_C
V11Y24-011_D,Chronic changes vs normal,x,x,x,Fibrotic,120359,120359.F,3831,2170.50561211172,5218.26207256591,V11Y24-011_D
V10S15-055_A,Normal,x,x,x,Adjacent,143371,143371.A,4303,1836.76458284917,4837.73646293284,V10S15-055_A
V10S15-055_B,"Chronic changes, early stricture",x,x,x,Fibrotic,143371,143371.F,1111,2271.09090909091,8556.0198019802,V10S15-055_B
V10S15-055_C,Normal,x,x,x,Adjacent,144119,144119.A,1801,1997.04997223765,5767.60855080511,V10S15-055_C
V10S15-055_D,Normal,,x,x,Fibrotic,144119,144119.F,2700,2600.97444444444,7350.08148148148,V10S15-055_D
